param_fmriSession,calc_start,p1_fixation_onset,p1_fixation_offset,p1_ptb_fixation_duration,p1_fixation_duration,p2_operation,p3_option,p4_responsekey,p4_responseRT,p4_responsekeyname,p4_correct_answer,p5_fixation_onset,p5_fixation_duration,calc_accuracy,calc_end,calc_duration
4,1605246212.84969,1605246217.86825,1605246220.87162,3.00336527824402,5,1605246220.88606,1605246240.91029,99,99,nan,1,1605246330.11062,2.75411462783813,0,1605246332.86874,120.019043445587
4,1605246212.84969,1605246245.92885,1605246248.93759,3.00874519348145,5,1605246248.94665,1605246268.97088,99,99,nan,2,1605246330.11062,2.75411462783813,0,1605246332.86874,120.019043445587
4,1605246212.84969,1605246273.98944,1605246276.99143,3.00199174880981,5,1605246277.00724,1605246297.03147,99,99,nan,1,1605246330.11062,2.75411462783813,0,1605246332.86874,120.019043445587
4,1605246212.84969,1605246302.05003,1605246305.05343,3.00339674949646,5,1605246305.06784,1605246325.09206,99,99,nan,2,1605246330.11062,2.75411462783813,0,1605246332.86874,120.019043445587
