param_fmriSession,calc_start,p1_fixation_onset,p1_fixation_offset,p1_ptb_fixation_duration,p1_fixation_duration,p2_operation,p3_option,p4_responsekey,p4_responseRT,p4_responsekeyname,p4_correct_answer,p5_fixation_onset,p5_fixation_duration,calc_accuracy,calc_end,calc_duration
4,1605245912.55301,1605245917.58824,1605245920.59304,3.00480079650879,5,1605245920.6394,1605245940.68029,99,99,nan,2,1605246029.88063,2.68868017196655,0,1605246032.57619,120.02318072319
4,1605245912.55301,1605245945.69886,1605245948.70165,3.00279426574707,5,1605245948.71666,1605245968.74089,99,99,nan,1,1605246029.88063,2.68868017196655,0,1605246032.57619,120.02318072319
4,1605245912.55301,1605245973.75945,1605245976.76159,3.0021448135376,5,1605245976.77725,1605245996.80148,99,99,nan,2,1605246029.88063,2.68868017196655,0,1605246032.57619,120.02318072319
4,1605245912.55301,1605246001.82004,1605246004.82212,3.00208520889282,5,1605246004.83784,1605246024.86207,99,99,nan,2,1605246029.88063,2.68868017196655,0,1605246032.57619,120.02318072319
